"FirstName","Surname","Address,City","Telephone","Eye Colour","Blood Group"
"Rebecca","Wyatt","91 Blue Street,New Town","0281 0429 0177","Brown","AB RhD positive (AB+)"
"Oscar","Meyers","1192 Blue Street,New Town","0369 0655 0463","Hazel","B RhD positive (B+)"
"Katherine","Rivas","309 Any Road,Midtown","0340 0818 0175","Green","A RhD negative (A-)"
"Murray","Peck","266 Freen Road,Any Town","0477 0633 0393","Blue","AB RhD positive (AB+)"
"Steven","Munoz","1037 Streets,Meaddowsville","0542 0167 0732","Hazel","A RhD positive (A+)"
"Alyssa","Smith","122 Orange Avenue,Joesville","0532 0202 0920","Hazel","B RhD negative (B-)"
"Helen","Wade","344 Any Road,Big City","0221 0360 0381","Grey","B RhD negative (B-)"
"Eve","Suarez","57 Green Avenve,Green Acres","0568 0756 0858","Brown","B RhD negative (B-)"
"Sophia","Alexander","537 Any Crescent,Green Acres","0252 0590 0968","Hazel","B RhD positive (B+)"
"Aimee","Manning","1193 Blue Street,Meaddowsville","0516 0331 0704","Grey","O RhD positive (O+)"
"Leah","Carney","150 Orange Avenue,Jonesville","0554 0508 0958","Brown","O RhD positive (O+)"
"Demi","Manning","1087 Any Crescent,HopeTown","0556 0100 0350","Hazel","O RhD negative (O-)"
"Catherine","Hernandez","573 Argyll Gardens,Any Town","0237 0752 0672","Brown","O RhD positive (O+)"
"Adam","Nash","1052 Any Crescent,Joesville","0385 0738 0908","Blue","A RhD negative (A-)"
"Emma","Hurst","1097 Main Street,HopeTown","0321 0412 0893","Hazel","B RhD positive (B+)"
"Ashley","Sosa","127 Any Crescent,Green Acres","0428 0141 0378","Green","A RhD negative (A-)"
"Peter","Ali","145 Any Square,Cities","0252 0419 0436","Grey","B RhD negative (B-)"
"Patrick","Raymond","1155 Streets,HopeTown","0331 0150 0496","Blue","A RhD positive (A+)"
"Phoebe","Pierce","230 Orange Avenue,Green Acres","0548 0846 0748","Grey","B RhD negative (B-)"
"Laura","Golden","1036 Freen Road,Any Town","0356 0331 0761","Green","O RhD negative (O-)"
"Nicola","Russo","684 Argyll Gardens,Cities","0275 0696 0604","Blue","B RhD negative (B-)"
"Lucas","Brewer","970 Blue Street,Joesville","0442 0217 0953","Grey","O RhD negative (O-)"
"Rachel","Sanchez","527 Any Square,Cities","0285 0657 0265","Green","O RhD negative (O-)"
"Megan","Anderson","891 Main Street,Midtown","0452 0176 0308","Brown","B RhD negative (B-)"
"Rory","Banks","674 Any Square,Jonesville","0338 0725 0634","Grey","O RhD positive (O+)"
"Kai","Middleton","1176 Tower Hamlet,HopeTown","0251 0201 0898","Green","A RhD positive (A+)"
"Jason","Solis","248 Any Crescent,Any Town","0203 0534 0928","Green","B RhD negative (B-)"
"Lisa","Ellis","163 Tower Hamlet,Big City","0406 0786 0644","Grey","B RhD positive (B+)"
"Megan","Rios","752 Any Crescent,Joesville","0555 0545 0688","Green","AB RhD positive (AB+)"
"Calum","Singh","411 Blue Street,Green Acres","0281 0226 0630","Brown","A RhD positive (A+)"
"Blair","Dillon","905 Long Road,Jonesville","0426 0678 0979","Blue","B RhD positive (B+)"
"Melanie","Meadows","1146 Tower Hamlet,Jonesville","0275 0706 0967","Blue","O RhD negative (O-)"
"Kelly","Esparza","597 Any Road,Joesville","0415 0647 0677","Grey","B RhD positive (B+)"
"Lisa","Booker","366 Argyll Gardens,New Town","0378 0777 0816","Grey","AB RhD positive (AB+)"
"Lucy","Lang","802 Any Crescent,HopeTown","0258 0529 0108","Brown","AB RhD positive (AB+)"
"Conner","Gilbert","878 Short Road,Joesville","0231 0350 0843","Brown","A RhD negative (A-)"
"Ruth","Warren","725 Any Square,Meaddowsville","0308 0553 0403","Grey","A RhD negative (A-)"
"Lewis","Johnston","283 Freen Road,Joesville","0570 0579 0671","Green","O RhD positive (O+)"
"Sean","Norris","825 Freen Road,Joesville","0398 0282 0686","Green","O RhD positive (O+)"
"Reece","Graves","491 Main Street,Green Acres","0434 0189 0943","Grey","A RhD negative (A-)"
"Valerie","Harding","750 Any Crescent,Cities","0233 0146 0646","Grey","A RhD positive (A+)"
"Lucie","Clarke","1007 Long Road,Big City","0285 0116 0268","Green","B RhD positive (B+)"
"Graham","Church","723 Orange Avenue,HopeTown","0598 0849 0794","Blue","A RhD positive (A+)"
"Lara","Morales","1057 Orange Avenue,Midtown","0573 0774 0767","Hazel","O RhD positive (O+)"
"Jacob","Simpson","1062 Any Road,New Town","0541 0574 0195","Blue","A RhD positive (A+)"
"Linzi","Crawford","511 Any Avenue,Big City","0386 0436 0493","Grey","A RhD negative (A-)"
"Quinn","Boone","1011 Streets,Green Acres","0451 0432 0442","Blue","AB RhD positive (AB+)"
"Owen","Mcclure","1091 Main Street,Green Acres","0359 0288 0581","Hazel","B RhD negative (B-)"
"Jake","Hatfield","58 Orange Avenue,New Town","0222 0137 0379","Green","AB RhD positive (AB+)"
"Ryan","Carrillo","574 Any Crescent,HopeTown","0413 0117 0117","Hazel","B RhD positive (B+)"
"Julie","Velazquez","1000 Any Crescent,Midtown","0419 0471 0224","Blue","O RhD negative (O-)"
"Angus","Pearson","1051 Green Avenve,New Town","0240 0168 0111","Hazel","AB RhD positive (AB+)"
"Hannah","Duncan","410 Short Road,HopeTown","0382 0483 0020","Brown","O RhD positive (O+)"
"Alan","Melton","748 Any Crescent,New Town","0277 0197 0009","Grey","O RhD negative (O-)"
"Robert","Blevins","193 Green Avenve,HopeTown","0295 0693 0568","Grey","O RhD negative (O-)"
"Aaron","Dickson","768 Argyll Gardens,Cities","0275 0571 0639","Green","O RhD positive (O+)"
"Julia","Hubbard","733 Freen Road,Midtown","0453 0192 0440","Hazel","AB RhD positive (AB+)"
"Jacob","Phelps","294 Long Road,Big City","0467 0396 0520","Hazel","O RhD positive (O+)"
"Paul","Olson","688 Streets,Any Town","0595 0175 0180","Blue","O RhD positive (O+)"
"Amber","Campbell","34 Short Road,Jonesville","0425 0584 0530","Grey","A RhD negative (A-)"
"Samantha","Kent","1028 Main Street,Joesville","0446 0419 0582","Brown","O RhD negative (O-)"
"Robert","Barrera","780 Blue Street,Any Town","0239 0495 0934","Brown","A RhD positive (A+)"
"Ciaran","Gates","668 Any Road,Midtown","0332 0151 0147","Brown","B RhD negative (B-)"
"Edward","Duke","1009 Any Square,Midtown","0443 0316 0593","Hazel","B RhD positive (B+)"
"Aidan","Mckinney","154 Blue Street,Green Acres","0330 0228 0209","Brown","B RhD negative (B-)"
"Isabella","Estrada","1098 Long Road,New Town","0330 0655 0244","Blue","O RhD positive (O+)"
"Rory","Bridges","1106 Freen Road,Green Acres","0238 0863 0826","Blue","O RhD positive (O+)"
"Gary","Velazquez","962 Blue Street,Midtown","0535 0796 0493","Brown","O RhD negative (O-)"
"Neil","Baldwin","755 Blue Street,Jonesville","0239 0114 0973","Hazel","B RhD negative (B-)"
"Clare","Tucker","1136 Short Road,Jonesville","0359 0455 0683","Hazel","O RhD positive (O+)"
"Christine","Bond","192 Any Square,Midtown","0433 0367 0523","Green","O RhD positive (O+)"
"Jacob","Fry","1103 Orange Avenue,New Town","0395 0211 0850","Hazel","O RhD positive (O+)"
"Alan","Sheppard","1194 Tower Hamlet,Cities","0456 0687 0608","Green","O RhD positive (O+)"
"William","Frost","276 Any Crescent,New Town","0284 0666 0826","Green","O RhD negative (O-)"
"Elizabeth","Brooks","1095 Freen Road,New Town","0319 0626 0977","Brown","O RhD negative (O-)"
"Abbie","Cortez","522 Streets,Green Acres","0596 0577 0148","Green","O RhD negative (O-)"
"Stephanie","Wells","537 Streets,Green Acres","0406 0222 0877","Grey","AB RhD positive (AB+)"
"Georgia","Alvarado","27 Main Street,HopeTown","0571 0174 0612","Grey","O RhD positive (O+)"
"Louis","Cabrera","909 Orange Avenue,Meaddowsville","0297 0504 0323","Hazel","A RhD negative (A-)"
"Hayley","Mercer","507 Short Road,Green Acres","0291 0140 0332","Brown","A RhD positive (A+)"
"Susan","Sherman","335 Argyll Gardens,Green Acres","0493 0846 0964","Grey","B RhD negative (B-)"
"Callum","Zavala","1053 Any Road,Meaddowsville","0228 0292 0028","Brown","O RhD negative (O-)"
"Shirley","Brewer","1137 Orange Avenue,Big City","0242 0348 0323","Brown","O RhD positive (O+)"
"Brian","Jordan","901 Orange Avenue,HopeTown","0452 0438 0519","Hazel","A RhD negative (A-)"
"Alyssa","Joyce","688 Any Road,New Town","0215 0143 0844","Green","AB RhD positive (AB+)"
"Jemma","Hurst","1171 Any Avenue,New Town","0220 0217 0907","Green","O RhD positive (O+)"
"Jamie","Hahn","44 Tower Hamlet,New Town","0293 0752 0565","Green","B RhD positive (B+)"
"Angela","Vang","794 Streets,Any Town","0527 0131 0060","Brown","A RhD negative (A-)"
"Murray","Richardson","1017 Argyll Gardens,Jonesville","0466 0667 0376","Grey","B RhD positive (B+)"
"Millie","Mccarthy","361 Orange Avenue,Joesville","0398 0631 0745","Blue","O RhD positive (O+)"
"Leon","Mayo","227 Green Avenve,Green Acres","0504 0380 0311","Grey","O RhD positive (O+)"
"Wendy","Mcknight","215 Green Avenve,Green Acres","0464 0762 0441","Blue","A RhD negative (A-)"
"Karen","Shepard","736 Any Square,Midtown","0380 0468 0172","Blue","B RhD negative (B-)"
"Rhiannon","Stevens","772 Streets,Green Acres","0445 0458 0260","Blue","O RhD positive (O+)"
"Lee","Decker","939 Any Road,Joesville","0372 0677 0340","Hazel","A RhD positive (A+)"
"Natalie","Kim","545 Short Road,Big City","0548 0595 0403","Brown","A RhD negative (A-)"
"Erin","Oconnor","530 Green Avenve,Joesville","0480 0114 0215","Blue","A RhD negative (A-)"
"Robert","Osborn","892 Any Road,Midtown","0392 0115 0980","Hazel","A RhD positive (A+)"
"Arran","Mclaughlin","506 Streets,New Town","0484 0443 0193","Green","O RhD positive (O+)"
"Laura","Chaney","671 Any Square,New Town","0529 0781 0279","Brown","O RhD negative (O-)"
"Greg","Warner","759 Streets,Jonesville","0572 0210 0449","Blue","A RhD positive (A+)"
"Layla","Gallegos","702 Any Avenue,New Town","0246 0267 0405","Green","O RhD positive (O+)"
"Christopher","Hayes","38 Green Avenve,Meaddowsville","0537 0274 0272","Grey","A RhD positive (A+)"
"Karen","Preston","371 Blue Street,Jonesville","0497 0580 0759","Green","A RhD negative (A-)"
"Emily","Ho","1199 Short Road,Midtown","0586 0411 0845","Grey","A RhD positive (A+)"
"Carla","Bush","833 Green Avenve,Meaddowsville","0392 0772 0586","Green","A RhD positive (A+)"
"Scott","Burton","555 Any Avenue,Meaddowsville","0394 0895 0585","Green","A RhD positive (A+)"
"Derek","Montgomery","444 Blue Street,Any Town","0507 0244 0527","Blue","A RhD positive (A+)"
"Andrew","Roberson","566 Main Street,Any Town","0427 0161 0336","Hazel","B RhD positive (B+)"
"Luca","Stanley","428 Short Road,Green Acres","0305 0153 0469","Hazel","O RhD positive (O+)"
"Pamela","Ramsey","397 Tower Hamlet,New Town","0374 0474 0655","Hazel","A RhD negative (A-)"
"Richard","Koch","1089 Any Avenue,Jonesville","0278 0273 0314","Grey","O RhD negative (O-)"
"Christopher","Arias","650 Main Street,Jonesville","0209 0419 0189","Hazel","B RhD negative (B-)"
"Harry","Kirby","1031 Short Road,Cities","0427 0537 0997","Green","A RhD negative (A-)"
"Brandon","Alexander","901 Tower Hamlet,Meaddowsville","0267 0587 0501","Hazel","O RhD negative (O-)"
"Andrea","Walsh","793 Argyll Gardens,Jonesville","0532 0850 0181","Green","A RhD positive (A+)"
"Patrick","Walsh","395 Streets,Cities","0276 0407 0651","Green","AB RhD positive (AB+)"
"Carla","Barr","381 Freen Road,Cities","0211 0254 0700","Brown","AB RhD positive (AB+)"
"Jay","Stanton","35 Orange Avenue,Cities","0234 0763 0988","Hazel","AB RhD positive (AB+)"
"Richard","Haley","992 Any Avenue,Meaddowsville","0405 0776 0583","Grey","A RhD positive (A+)"
"Ross","Trevino","42 Main Street,New Town","0220 0376 0648","Grey","B RhD positive (B+)"
"Harrison","Young","703 Main Street,Cities","0255 0893 0205","Green","O RhD negative (O-)"
"Melissa","Bell","1034 Any Crescent,Jonesville","0510 0339 0106","Hazel","O RhD negative (O-)"
"Andrea","Delacruz","191 Any Square,HopeTown","0557 0747 0997","Blue","B RhD positive (B+)"
"Sienna","Novak","562 Blue Street,HopeTown","0221 0548 0859","Brown","A RhD negative (A-)"
"Allan","Lewis","686 Tower Hamlet,Cities","0378 0286 0609","Brown","B RhD positive (B+)"
"Paula","Glass","166 Streets,New Town","0354 0153 0560","Green","A RhD positive (A+)"
"Charles","Larson","766 Tower Hamlet,Cities","0417 0233 0364","Grey","O RhD positive (O+)"
"Victoria","Schroeder","1190 Any Square,Joesville","0301 0204 0655","Green","A RhD negative (A-)"
"Francis","Brennan","775 Tower Hamlet,Joesville","0324 0228 0636","Hazel","B RhD negative (B-)"
"Karen","Kennedy","24 Orange Avenue,Cities","0502 0578 0049","Hazel","A RhD negative (A-)"
"Steven","Sawyer","374 Green Avenve,HopeTown","0281 0407 0571","Blue","O RhD positive (O+)"
"Abby","Rivera","171 Any Crescent,Meaddowsville","0584 0803 0028","Grey","O RhD positive (O+)"
"Stuart","Nash","569 Blue Street,HopeTown","0515 0674 0623","Hazel","O RhD positive (O+)"
"Jessica","Dickerson","1104 Any Avenue,Cities","0568 0865 0977","Brown","A RhD negative (A-)"
"Benjamin","Velazquez","319 Any Road,Midtown","0323 0886 0073","Green","AB RhD positive (AB+)"
"Kim","Combs","359 Orange Avenue,Jonesville","0522 0175 0285","Green","AB RhD positive (AB+)"
"Lorraine","Blankenship","1051 Blue Street,Big City","0317 0421 0593","Grey","O RhD positive (O+)"
"Anna","Whitney","944 Blue Street,HopeTown","0510 0258 0599","Grey","B RhD negative (B-)"
"Millie","Haas","992 Argyll Gardens,Cities","0502 0882 0700","Hazel","B RhD positive (B+)"
"Madison","Mcneil","643 Tower Hamlet,Jonesville","0398 0258 0760","Hazel","O RhD negative (O-)"
"Allison","Dominguez","1079 Long Road,Midtown","0501 0556 0162","Green","O RhD positive (O+)"
"Robbie","Gilmore","880 Any Avenue,Big City","0263 0201 0469","Hazel","B RhD positive (B+)"
"William","Potts","474 Green Avenve,Joesville","0231 0200 0840","Brown","AB RhD positive (AB+)"
"Samantha","Allison","678 Freen Road,New Town","0373 0824 0959","Brown","B RhD negative (B-)"
"Norman","Ritter","218 Freen Road,HopeTown","0580 0415 0363","Hazel","B RhD negative (B-)"
"Jamie","Herring","1153 Any Crescent,Cities","0591 0871 0361","Blue","A RhD negative (A-)"
"Rebecca","Torres","1078 Main Street,New Town","0441 0211 0877","Green","O RhD positive (O+)"
"Harry","Kemp","339 Any Crescent,Big City","0303 0294 0307","Green","O RhD negative (O-)"
"Kristopher","Hays","948 Main Street,Jonesville","0314 0271 0036","Grey","O RhD positive (O+)"
"Claire","Pratt","353 Tower Hamlet,Cities","0256 0743 0662","Green","AB RhD positive (AB+)"
"Alastair","Velez","625 Any Road,Any Town","0551 0895 0988","Hazel","O RhD positive (O+)"
"Wendy","Bowman","106 Orange Avenue,Meaddowsville","0390 0873 0503","Grey","B RhD positive (B+)"
"Donna","Baldwin","677 Any Road,Joesville","0468 0321 0266","Blue","B RhD negative (B-)"
"Harrison","Macdonald","283 Any Crescent,Green Acres","0508 0314 0107","Green","O RhD negative (O-)"
"John","Lowery","89 Any Avenue,Green Acres","0366 0329 0887","Grey","B RhD negative (B-)"
"Jay","Lloyd","479 Any Crescent,New Town","0516 0569 0001","Hazel","O RhD negative (O-)"
"Mirren","Buckley","672 Any Square,HopeTown","0365 0886 0393","Blue","O RhD negative (O-)"
"Riley","Bond","480 Tower Hamlet,HopeTown","0363 0652 0133","Grey","AB RhD positive (AB+)"
"Andrea","Stuart","1146 Any Avenue,New Town","0492 0169 0793","Grey","B RhD negative (B-)"
"Hamish","Cantu","535 Short Road,Jonesville","0368 0810 0726","Blue","O RhD negative (O-)"
"Samantha","Austin","18 Any Avenue,Cities","0429 0883 0504","Brown","O RhD positive (O+)"
"Matilda","Galvan","7 Streets,Jonesville","0428 0742 0733","Green","A RhD negative (A-)"
"Rhiannon","Owens","487 Any Crescent,Midtown","0263 0161 0905","Brown","O RhD positive (O+)"
"Thomas","Curtis","628 Tower Hamlet,Big City","0523 0216 0007","Blue","A RhD negative (A-)"
"Jake","Holden","668 Streets,HopeTown","0441 0895 0086","Grey","O RhD negative (O-)"
"Yvonne","Moyer","161 Streets,Cities","0402 0490 0538","Blue","O RhD negative (O-)"
"Sam","Bradley","496 Tower Hamlet,Meaddowsville","0398 0512 0797","Blue","O RhD negative (O-)"
"Robert","Brady","562 Green Avenve,Any Town","0342 0592 0863","Brown","B RhD positive (B+)"
"Charlie","Shepherd","485 Freen Road,Midtown","0318 0806 0858","Green","B RhD positive (B+)"
"Nicholas","Wong","370 Any Avenue,Joesville","0324 0556 0187","Blue","B RhD positive (B+)"
"Lorna","Mann","300 Main Street,Meaddowsville","0240 0323 0978","Grey","B RhD positive (B+)"
"Gareth","Castaneda","154 Blue Street,Any Town","0584 0671 0250","Green","AB RhD positive (AB+)"
"Duncan","Knox","136 Blue Street,Jonesville","0565 0290 0626","Green","AB RhD positive (AB+)"
"Jamie","Mayo","535 Any Road,Green Acres","0222 0250 0253","Blue","O RhD positive (O+)"
"Morgan","Wyatt","74 Main Street,Meaddowsville","0464 0331 0626","Blue","AB RhD positive (AB+)"
"Aidan","Cordova","965 Freen Road,Jonesville","0335 0790 0813","Blue","O RhD negative (O-)"
"Jessica","Williams","70 Streets,Jonesville","0508 0229 0875","Grey","B RhD positive (B+)"
"Christopher","Li","1167 Short Road,Jonesville","0472 0561 0181","Hazel","A RhD negative (A-)"
"Jacob","Ho","587 Orange Avenue,HopeTown","0498 0695 0281","Blue","O RhD negative (O-)"
"Rhys","Barr","503 Any Avenue,Midtown","0432 0481 0097","Green","A RhD negative (A-)"
"Robert","Fields","486 Green Avenve,Green Acres","0542 0398 0309","Green","O RhD positive (O+)"
"Olivia","Carpenter","164 Short Road,Green Acres","0455 0576 0611","Brown","A RhD negative (A-)"
"Orla","Lindsey","448 Long Road,Big City","0218 0208 0901","Grey","B RhD positive (B+)"
"Grant","Goodwin","150 Short Road,New Town","0253 0495 0053","Green","O RhD positive (O+)"
"Maisie","Stout","1112 Argyll Gardens,Joesville","0261 0300 0984","Brown","O RhD negative (O-)"
"Thomas","Liu","258 Any Crescent,Joesville","0421 0683 0478","Brown","A RhD negative (A-)"
"Jessica","Contreras","929 Streets,Meaddowsville","0546 0652 0060","Brown","O RhD positive (O+)"
"Morag","Werner","330 Tower Hamlet,HopeTown","0590 0262 0308","Brown","O RhD positive (O+)"
"Gareth","Mitchell","14 Main Street,Meaddowsville","0319 0573 0834","Green","A RhD positive (A+)"
"Stewart","Atkins","217 Any Road,Meaddowsville","0574 0731 0169","Green","AB RhD positive (AB+)"
"Elizabeth","Escobar","783 Tower Hamlet,Big City","0574 0726 0193","Grey","O RhD positive (O+)"
"Stuart","Aguirre","163 Any Avenue,HopeTown","0552 0393 0191","Brown","AB RhD positive (AB+)"
"Ellie","Bell","69 Any Square,Green Acres","0218 0276 0365","Hazel","O RhD negative (O-)"
"Imogen","Wiley","591 Any Crescent,Big City","0216 0104 0014","Blue","B RhD negative (B-)"
"John","Norman","954 Freen Road,Meaddowsville","0396 0342 0027","Grey","B RhD negative (B-)"
"Clare","Rodgers","60 Orange Avenue,Joesville","0328 0853 0337","Blue","A RhD positive (A+)"
"Jonathan","Blevins","976 Long Road,Midtown","0219 0301 0383","Grey","B RhD negative (B-)"
"Alexandra","Owen","1182 Main Street,Green Acres","0284 0634 0873","Hazel","O RhD positive (O+)"
"Catherine","Booker","1176 Short Road,Big City","0353 0819 0979","Grey","A RhD negative (A-)"
"Rachael","Church","576 Short Road,HopeTown","0486 0842 0954","Brown","A RhD negative (A-)"
"Benjamin","Herrera","242 Argyll Gardens,Midtown","0301 0898 0630","Blue","A RhD positive (A+)"
"Corey","Oconnor","12 Any Square,Green Acres","0524 0709 0954","Hazel","AB RhD positive (AB+)"
"Dominic","Dougherty","98 Blue Street,Joesville","0402 0222 0145","Hazel","AB RhD positive (AB+)"
"Katie","Ellison","477 Blue Street,Jonesville","0238 0421 0841","Grey","O RhD positive (O+)"
"Philip","Hooper","215 Any Crescent,New Town","0488 0388 0577","Brown","B RhD positive (B+)"
"Aaron","Leblanc","200 Any Road,Midtown","0447 0624 0365","Grey","A RhD positive (A+)"
"Evie","Rice","687 Any Avenue,Midtown","0325 0395 0313","Green","O RhD negative (O-)"
"Thomas","Hester","1149 Streets,New Town","0201 0433 0110","Hazel","A RhD positive (A+)"
"Stewart","Mcmahon","760 Orange Avenue,HopeTown","0240 0153 0611","Blue","O RhD positive (O+)"
"Sam","Ewing","603 Tower Hamlet,Green Acres","0464 0764 0643","Hazel","B RhD negative (B-)"
"Kenzie","Mayer","621 Main Street,HopeTown","0415 0385 0322","Hazel","B RhD positive (B+)"
"Kimberley","Watson","1183 Any Road,Cities","0440 0516 0335","Grey","B RhD negative (B-)"
"Duncan","Riggs","1071 Blue Street,Meaddowsville","0268 0884 0815","Brown","AB RhD positive (AB+)"
"Anna","Swanson","622 Orange Avenue,Meaddowsville","0208 0623 0293","Grey","B RhD positive (B+)"
"Megan","Hoffman","368 Any Road,New Town","0277 0693 0248","Brown","B RhD positive (B+)"
"Anna","Leonard","274 Argyll Gardens,Midtown","0238 0475 0947","Grey","A RhD negative (A-)"
"Jill","Norman","988 Main Street,Green Acres","0365 0368 0457","Hazel","A RhD positive (A+)"
"Cameron","Foley","574 Orange Avenue,HopeTown","0569 0158 0227","Grey","A RhD negative (A-)"
"Beth","Cox","606 Tower Hamlet,Any Town","0432 0890 0927","Grey","B RhD negative (B-)"
"Ella","Hooper","244 Orange Avenue,New Town","0471 0354 0859","Hazel","AB RhD positive (AB+)"
"Lewis","Curtis","933 Orange Avenue,Midtown","0533 0750 0196","Brown","AB RhD positive (AB+)"
"Emma","Knox","781 Argyll Gardens,Cities","0315 0326 0416","Grey","B RhD positive (B+)"
"Clare","Conrad","213 Blue Street,Jonesville","0483 0349 0574","Brown","B RhD negative (B-)"
"Wayne","Lynch","1070 Green Avenve,Big City","0226 0863 0705","Blue","A RhD positive (A+)"
"Roy","Yoder","62 Long Road,Meaddowsville","0469 0489 0561","Blue","AB RhD positive (AB+)"
"Charlene","Mcbride","442 Green Avenve,Meaddowsville","0468 0340 0807","Blue","O RhD positive (O+)"
"Riley","Gutierrez","80 Freen Road,HopeTown","0507 0391 0238","Green","B RhD positive (B+)"
"Taylor","Phelps","722 Tower Hamlet,Meaddowsville","0224 0536 0540","Green","AB RhD positive (AB+)"
"Cameron","Carter","236 Tower Hamlet,Green Acres","0437 0378 0586","Blue","AB RhD positive (AB+)"
"Ethan","Graham","756 Green Avenve,New Town","0456 0826 0398","Green","AB RhD positive (AB+)"
"Katie","Costa","49 Short Road,Jonesville","0464 0235 0776","Green","A RhD negative (A-)"
"Ethan","Sosa","696 Argyll Gardens,Cities","0439 0646 0493","Green","B RhD negative (B-)"
"Stuart","Villanueva","368 Long Road,Midtown","0540 0411 0797","Grey","O RhD positive (O+)"
"Elizabeth","Pollard","861 Main Street,HopeTown","0385 0606 0751","Grey","B RhD positive (B+)"
"Sharon","Ortiz","361 Green Avenve,Jonesville","0295 0337 0015","Brown","O RhD positive (O+)"
"Kara","Dalton","1045 Orange Avenue,HopeTown","0370 0542 0353","Green","O RhD negative (O-)"
"Ryan","Ramos","566 Streets,Big City","0511 0253 0310","Green","A RhD positive (A+)"
"Lynsey","Valdez","792 Green Avenve,Jonesville","0312 0713 0483","Blue","O RhD positive (O+)"
"Steven","Franklin","690 Any Road,Joesville","0426 0543 0843","Brown","AB RhD positive (AB+)"
"Riley","Lester","754 Any Avenue,Green Acres","0387 0527 0492","Blue","O RhD positive (O+)"
"Michael","Chen","732 Streets,Any Town","0557 0100 0258","Blue","A RhD positive (A+)"
"Emily","Allen","1056 Any Crescent,Any Town","0238 0365 0186","Blue","AB RhD positive (AB+)"
"Alice","Mooney","1126 Streets,Any Town","0357 0674 0261","Blue","A RhD negative (A-)"
"Peter","Perkins","278 Any Crescent,Big City","0216 0543 0297","Brown","A RhD positive (A+)"
"Noah","Hines","669 Any Road,Green Acres","0335 0568 0742","Green","B RhD positive (B+)"
"David","Carson","1178 Any Square,HopeTown","0527 0109 0920","Brown","B RhD negative (B-)"
"Jonathan","Miller","926 Streets,Green Acres","0342 0516 0851","Grey","B RhD positive (B+)"
"Georgia","Hines","493 Main Street,Joesville","0271 0628 0930","Blue","O RhD negative (O-)"
"Grant","Wang","795 Any Square,Big City","0597 0769 0714","Hazel","B RhD positive (B+)"
"Cara","Tate","848 Blue Street,Joesville","0409 0195 0519","Hazel","O RhD positive (O+)"
"Darren","Pennington","940 Main Street,Midtown","0402 0230 0932","Blue","B RhD negative (B-)"
"Alan","Conley","1050 Any Square,HopeTown","0530 0611 0858","Blue","AB RhD positive (AB+)"
"Jenna","Norman","824 Streets,New Town","0360 0622 0566","Brown","O RhD negative (O-)"
"Alasdair","Conway","27 Argyll Gardens,Meaddowsville","0220 0188 0459","Blue","AB RhD positive (AB+)"
"Hollie","Mclean","743 Green Avenve,Midtown","0486 0503 0729","Brown","B RhD positive (B+)"
"Samuel","Hamilton","314 Any Avenue,Big City","0443 0886 0908","Blue","B RhD negative (B-)"
"Victoria","Beltran","739 Short Road,Big City","0213 0446 0571","Green","O RhD negative (O-)"
"Eva","Dickerson","496 Any Crescent,Cities","0472 0378 0877","Grey","O RhD negative (O-)"
"Roderick","Sullivan","141 Freen Road,Green Acres","0382 0671 0804","Hazel","O RhD negative (O-)"
"Samuel","Preston","380 Any Square,Green Acres","0343 0481 0066","Hazel","A RhD negative (A-)"
"Kelly","Beck","1028 Argyll Gardens,HopeTown","0358 0827 0860","Green","O RhD negative (O-)"
"Abby","Wilkins","861 Argyll Gardens,HopeTown","0436 0302 0084","Grey","A RhD negative (A-)"
"Hannah","Massey","101 Short Road,Any Town","0348 0285 0419","Blue","A RhD negative (A-)"
"Neve","Pennington","554 Any Crescent,Big City","0289 0778 0924","Green","B RhD positive (B+)"
"Ryan","Armstrong","792 Argyll Gardens,HopeTown","0323 0509 0623","Green","O RhD positive (O+)"
"Kathryn","Soto","472 Blue Street,Big City","0234 0115 0324","Brown","A RhD negative (A-)"
"Fraser","Patton","426 Orange Avenue,Joesville","0527 0411 0046","Brown","O RhD positive (O+)"
"Marie","Villegas","678 Streets,Cities","0263 0291 0667","Hazel","B RhD negative (B-)"
"Alfie","Thomas","1174 Streets,New Town","0269 0698 0890","Blue","B RhD negative (B-)"
"Poppy","Osborn","1077 Main Street,Meaddowsville","0347 0785 0243","Green","A RhD negative (A-)"
"Alastair","Hanson","56 Any Crescent,Big City","0352 0689 0143","Green","A RhD positive (A+)"
"Jake","Bowman","492 Tower Hamlet,Joesville","0473 0243 0166","Blue","AB RhD positive (AB+)"
"Andrew","Guerrero","1056 Any Avenue,New Town","0535 0622 0963","Green","A RhD positive (A+)"
"Paige","Parks","956 Any Road,Any Town","0485 0421 0880","Grey","O RhD negative (O-)"
"Thomas","Proctor","441 Blue Street,Jonesville","0533 0594 0028","Grey","B RhD negative (B-)"
"Duncan","Olsen","372 Orange Avenue,Any Town","0592 0634 0714","Blue","B RhD positive (B+)"
"Hazel","Rangel","445 Orange Avenue,Big City","0245 0450 0699","Brown","O RhD negative (O-)"
"Emma","Yu","86 Any Square,New Town","0327 0327 0751","Hazel","A RhD negative (A-)"
"Adam","Hancock","261 Tower Hamlet,Any Town","0536 0687 0541","Green","A RhD positive (A+)"
"Lorraine","Cooley","248 Freen Road,Green Acres","0463 0757 0451","Blue","O RhD negative (O-)"
"Dylan","Lowe","548 Argyll Gardens,Joesville","0235 0274 0202","Green","A RhD negative (A-)"
"Kelly","Bishop","517 Streets,Midtown","0502 0871 0034","Green","O RhD negative (O-)"
"Craig","Edwards","1064 Any Road,Meaddowsville","0325 0261 0768","Green","B RhD positive (B+)"
"Nathan","Frank","208 Freen Road,HopeTown","0287 0787 0044","Green","B RhD positive (B+)"
"David","Gomez","271 Tower Hamlet,Any Town","0339 0612 0847","Hazel","B RhD positive (B+)"
"Sean","Heath","157 Green Avenve,Meaddowsville","0303 0104 0603","Grey","B RhD positive (B+)"
"Julia","Schultz","1001 Short Road,Meaddowsville","0596 0420 0995","Hazel","A RhD positive (A+)"
"Rory","Herrera","348 Tower Hamlet,Any Town","0579 0585 0019","Green","O RhD positive (O+)"
"Conor","Schaefer","766 Any Square,Midtown","0274 0862 0423","Grey","A RhD negative (A-)"
"Shaun","Hogan","471 Orange Avenue,Jonesville","0591 0224 0799","Hazel","O RhD negative (O-)"
"Christopher","Smith","363 Any Square,Cities","0343 0894 0405","Blue","A RhD negative (A-)"
"Paige","Nolan","115 Any Crescent,Meaddowsville","0282 0153 0094","Brown","B RhD positive (B+)"
"Grant","Gilbert","154 Long Road,New Town","0329 0729 0875","Brown","B RhD positive (B+)"
"Euan","Grimes","501 Streets,Joesville","0285 0131 0256","Grey","A RhD positive (A+)"
"Evie","Barry","1065 Orange Avenue,Meaddowsville","0466 0140 0190","Grey","B RhD positive (B+)"
"Lisa","Oliver","527 Green Avenve,Meaddowsville","0377 0718 0795","Hazel","A RhD positive (A+)"
"Jennifer","Best","599 Orange Avenue,Midtown","0567 0790 0468","Hazel","AB RhD positive (AB+)"
"Anna","Carroll","311 Streets,Jonesville","0369 0229 0282","Green","O RhD positive (O+)"
"Hugh","Mcdonald","837 Any Square,Green Acres","0268 0395 0625","Grey","O RhD negative (O-)"
"Donna","Chang","3 Streets,HopeTown","0361 0679 0410","Hazel","AB RhD positive (AB+)"
"Wendy","Walker","48 Any Avenue,Midtown","0325 0615 0054","Green","O RhD positive (O+)"
"Roderick","Higgins","595 Long Road,Cities","0444 0776 0137","Green","A RhD negative (A-)"
"Mitchell","Blanchard","1159 Tower Hamlet,Green Acres","0254 0507 0890","Grey","O RhD positive (O+)"
"Carol","Chapman","595 Streets,Meaddowsville","0286 0542 0245","Brown","B RhD negative (B-)"
"Anthony","Gay","1076 Orange Avenue,Jonesville","0228 0694 0829","Hazel","O RhD negative (O-)"
"Anna","Giles","729 Argyll Gardens,Any Town","0300 0465 0500","Grey","B RhD negative (B-)"
"Holly","Lindsey","305 Blue Street,Green Acres","0401 0804 0251","Green","B RhD positive (B+)"
"Angus","Peterson","586 Long Road,Joesville","0378 0358 0009","Hazel","O RhD negative (O-)"
"Darren","Soto","373 Short Road,Meaddowsville","0572 0322 0844","Grey","O RhD positive (O+)"
"Shelley","Clark","971 Green Avenve,Midtown","0595 0425 0859","Brown","B RhD positive (B+)"
"Kieran","Macdonald","860 Short Road,Meaddowsville","0297 0138 0779","Hazel","AB RhD positive (AB+)"
"Jason","Hodges","1064 Any Avenue,Cities","0440 0860 0348","Hazel","A RhD positive (A+)"
"Matthew","Sandoval","1104 Any Road,New Town","0258 0528 0798","Brown","B RhD positive (B+)"
"Martin","Blackburn","1153 Any Road,Green Acres","0576 0240 0127","Grey","B RhD positive (B+)"
"Emma","Dean","117 Tower Hamlet,Midtown","0383 0735 0098","Green","O RhD positive (O+)"
"Blair","Odom","785 Green Avenve,HopeTown","0415 0213 0965","Grey","AB RhD positive (AB+)"
"Aimee","Ayers","871 Streets,Joesville","0571 0417 0679","Blue","AB RhD positive (AB+)"
"Kimberley","Sparks","949 Any Avenue,Joesville","0405 0764 0804","Grey","A RhD negative (A-)"
"Kathryn","Vaughn","503 Streets,Jonesville","0362 0772 0112","Brown","A RhD negative (A-)"
"Jillian","Crane","656 Argyll Gardens,Any Town","0487 0115 0280","Green","AB RhD positive (AB+)"
"Finlay","Beltran","1078 Streets,Joesville","0291 0216 0493","Grey","AB RhD positive (AB+)"
"Mila","Rice","42 Main Street,Midtown","0491 0337 0246","Brown","B RhD positive (B+)"
"Charlene","Bradley","198 Argyll Gardens,Meaddowsville","0447 0736 0721","Green","O RhD negative (O-)"
"Alice","Berger","344 Main Street,Big City","0240 0671 0956","Hazel","A RhD negative (A-)"
"Mila","Raymond","876 Any Avenue,New Town","0502 0198 0869","Grey","O RhD negative (O-)"
"Rory","Roberson","415 Freen Road,Jonesville","0546 0161 0218","Grey","B RhD positive (B+)"
"Jacqueline","Stewart","169 Any Road,Jonesville","0518 0646 0778","Brown","AB RhD positive (AB+)"
"Craig","Huber","1059 Long Road,Big City","0458 0295 0611","Grey","B RhD positive (B+)"
"Kirsty","Daniel","1 Blue Street,Meaddowsville","0320 0681 0425","Hazel","AB RhD positive (AB+)"
"Thomas","Velez","838 Short Road,Joesville","0495 0389 0371","Green","B RhD positive (B+)"
"Sarah","Morris","373 Tower Hamlet,Green Acres","0438 0470 0791","Blue","B RhD negative (B-)"
"Sarah","George","1140 Green Avenve,HopeTown","0493 0283 0495","Blue","B RhD positive (B+)"
"Cooper","James","1042 Orange Avenue,Green Acres","0514 0525 0276","Brown","O RhD positive (O+)"
"Colin","Bernard","938 Any Road,New Town","0420 0478 0753","Blue","A RhD negative (A-)"
"Colin","Oneal","1161 Short Road,Big City","0288 0620 0904","Grey","AB RhD positive (AB+)"
"Victoria","Parrish","704 Short Road,Joesville","0252 0483 0623","Hazel","A RhD positive (A+)"
"William","Kelley","1161 Main Street,Cities","0547 0842 0108","Hazel","A RhD negative (A-)"
"Lena","Cervantes","498 Tower Hamlet,New Town","0459 0519 0982","Hazel","B RhD negative (B-)"
"Fiona","Richmond","893 Any Square,Big City","0287 0615 0020","Brown","O RhD positive (O+)"
"Eilidh","Drake","658 Argyll Gardens,Green Acres","0475 0638 0946","Green","O RhD negative (O-)"
"Jude","English","1125 Long Road,Big City","0361 0899 0428","Blue","AB RhD positive (AB+)"
"Anna","Berg","502 Streets,New Town","0346 0124 0512","Grey","O RhD positive (O+)"
"Callum","Shepherd","758 Freen Road,Cities","0576 0636 0329","Green","B RhD negative (B-)"
"Rachel","Parrish","412 Orange Avenue,Any Town","0571 0852 0533","Blue","B RhD positive (B+)"
"Charlene","Barr","942 Orange Avenue,Big City","0262 0650 0599","Blue","A RhD positive (A+)"
"Madison","Mcgrath","616 Any Crescent,Jonesville","0322 0786 0970","Blue","B RhD positive (B+)"
"Danielle","Doyle","316 Green Avenve,Big City","0405 0859 0426","Hazel","O RhD negative (O-)"
"Gail","Atkins","122 Green Avenve,Any Town","0343 0503 0376","Green","B RhD negative (B-)"
"Brian","Hunt","1144 Any Road,HopeTown","0278 0376 0858","Hazel","AB RhD positive (AB+)"
"Marie","Case","52 Any Crescent,Any Town","0205 0356 0659","Green","AB RhD positive (AB+)"
"Harrison","Little","320 Long Road,Midtown","0264 0257 0908","Green","A RhD negative (A-)"
"Luca","Hawkins","163 Blue Street,Any Town","0328 0379 0991","Blue","AB RhD positive (AB+)"
"Mary","Poole","1046 Freen Road,Midtown","0512 0544 0771","Grey","B RhD negative (B-)"
"Erin","Rios","328 Any Crescent,Cities","0361 0381 0820","Blue","A RhD negative (A-)"
"Siobhan","Howard","88 Argyll Gardens,Jonesville","0596 0367 0107","Grey","B RhD negative (B-)"
"Iain","Kent","396 Long Road,New Town","0370 0120 0666","Hazel","O RhD negative (O-)"
"Nathan","Hodge","297 Any Crescent,Joesville","0282 0788 0015","Green","AB RhD positive (AB+)"
"Dale","Watson","228 Blue Street,HopeTown","0561 0570 0023","Green","B RhD positive (B+)"
"Connor","Mata","107 Green Avenve,Any Town","0370 0168 0645","Blue","AB RhD positive (AB+)"
"Beth","Obrien","176 Any Road,Any Town","0348 0699 0218","Brown","O RhD positive (O+)"
"Natasha","Dudley","886 Main Street,Big City","0509 0189 0625","Blue","B RhD negative (B-)"
"Isabella","Riddle","1037 Tower Hamlet,New Town","0383 0417 0169","Blue","B RhD negative (B-)"
"Kirsten","Merritt","152 Main Street,Cities","0484 0155 0403","Hazel","AB RhD positive (AB+)"
"Lexie","Hurley","900 Any Avenue,Joesville","0211 0384 0949","Brown","A RhD negative (A-)"
"Dean","Beasley","671 Argyll Gardens,Green Acres","0339 0460 0261","Hazel","B RhD negative (B-)"
"Niall","Skinner","277 Any Square,Meaddowsville","0420 0444 0996","Hazel","O RhD negative (O-)"
"Murray","Rhodes","1139 Argyll Gardens,HopeTown","0478 0206 0384","Brown","AB RhD positive (AB+)"
"Kirsten","Best","873 Streets,New Town","0244 0596 0614","Grey","AB RhD positive (AB+)"
"Hamish","Johnston","297 Freen Road,Green Acres","0499 0158 0080","Green","A RhD positive (A+)"
"Gemma","Griffin","273 Any Crescent,New Town","0423 0269 0045","Blue","AB RhD positive (AB+)"
"Lilly","Haley","171 Short Road,Green Acres","0559 0841 0619","Green","AB RhD positive (AB+)"
"Noah","Avila","327 Any Crescent,Cities","0281 0540 0601","Brown","AB RhD positive (AB+)"
"Gordon","Munoz","1001 Freen Road,Midtown","0200 0536 0481","Green","O RhD positive (O+)"
"Peter","Whitehead","9 Main Street,New Town","0495 0142 0014","Brown","B RhD positive (B+)"
"Kathryn","Weeks","1059 Argyll Gardens,Any Town","0550 0646 0833","Green","A RhD positive (A+)"
"Evie","Lucero","780 Argyll Gardens,Any Town","0381 0361 0654","Blue","A RhD positive (A+)"
"Kaitlyn","Macias","930 Long Road,Midtown","0497 0393 0530","Grey","AB RhD positive (AB+)"
"Gayle","Andrews","1118 Freen Road,HopeTown","0490 0275 0522","Grey","B RhD negative (B-)"
"Grace","Kane","692 Blue Street,Green Acres","0379 0400 0577","Hazel","O RhD negative (O-)"
"Molly","Ellis","799 Tower Hamlet,Big City","0488 0763 0095","Grey","A RhD negative (A-)"
"Alex","Arnold","1059 Argyll Gardens,Jonesville","0204 0687 0062","Brown","B RhD negative (B-)"
"Lucas","Jordan","527 Tower Hamlet,Green Acres","0296 0647 0952","Grey","A RhD negative (A-)"
"Fiona","Todd","1140 Any Road,Joesville","0232 0722 0636","Brown","O RhD negative (O-)"
"William","Thornton","697 Argyll Gardens,Green Acres","0411 0383 0578","Grey","B RhD positive (B+)"
"Sienna","Sexton","1125 Any Square,Big City","0376 0634 0533","Hazel","B RhD positive (B+)"
"Angela","Bruce","335 Tower Hamlet,Cities","0529 0866 0306","Grey","A RhD positive (A+)"
"Scott","Hahn","255 Orange Avenue,Joesville","0578 0782 0635","Brown","A RhD positive (A+)"
"Matthew","Fox","1138 Short Road,Jonesville","0495 0889 0806","Brown","A RhD positive (A+)"
"Murray","Murillo","1150 Main Street,Cities","0303 0818 0166","Blue","B RhD positive (B+)"
"Jonathan","Cabrera","667 Tower Hamlet,Joesville","0316 0201 0299","Brown","A RhD negative (A-)"
"Mohammed","Petty","557 Freen Road,HopeTown","0563 0575 0543","Grey","B RhD negative (B-)"
"Hamish","Pearson","1068 Freen Road,Cities","0359 0114 0094","Blue","O RhD positive (O+)"
"Katie","Cuevas","37 Main Street,Cities","0320 0112 0137","Blue","A RhD negative (A-)"
"Nicholas","Walsh","927 Any Road,Cities","0381 0363 0790","Blue","A RhD positive (A+)"
"Caitlin","Lara","422 Any Road,Any Town","0420 0417 0122","Hazel","B RhD positive (B+)"
"Rebecca","Hanson","297 Orange Avenue,New Town","0363 0334 0709","Grey","O RhD positive (O+)"
"Katie","Norton","789 Tower Hamlet,Midtown","0207 0704 0648","Grey","A RhD positive (A+)"
"Kathleen","Beard","742 Blue Street,Cities","0522 0840 0493","Brown","B RhD positive (B+)"
"Gillian","Mcconnell","915 Streets,Meaddowsville","0482 0185 0087","Hazel","B RhD positive (B+)"
"Martin","Townsend","338 Any Avenue,Any Town","0223 0494 0807","Brown","O RhD positive (O+)"
"Eilidh","Stokes","680 Green Avenve,Green Acres","0386 0127 0483","Green","B RhD positive (B+)"
"Louis","Warner","619 Any Crescent,Jonesville","0302 0658 0463","Grey","AB RhD positive (AB+)"
"Skye","Jackson","530 Any Road,Meaddowsville","0354 0258 0510","Grey","A RhD negative (A-)"
"Darren","Massey","613 Orange Avenue,New Town","0494 0719 0928","Blue","O RhD positive (O+)"
"Katie","Novak","1060 Main Street,Midtown","0514 0202 0371","Blue","B RhD negative (B-)"
"Liam","Arnold","1146 Any Avenue,Jonesville","0345 0315 0282","Blue","B RhD negative (B-)"
"Grant","Walsh","1196 Freen Road,Big City","0540 0664 0864","Brown","AB RhD positive (AB+)"
"Lynne","Mcknight","978 Tower Hamlet,Joesville","0411 0522 0916","Green","O RhD positive (O+)"
"Joseph","Frank","1025 Green Avenve,New Town","0600 0403 0684","Brown","A RhD positive (A+)"
"Margaret","Huynh","69 Argyll Gardens,Meaddowsville","0581 0653 0391","Green","O RhD negative (O-)"
"Robyn","Torres","1098 Short Road,New Town","0396 0560 0695","Blue","O RhD positive (O+)"
"Michael","Ross","271 Any Avenue,Jonesville","0443 0661 0908","Grey","AB RhD positive (AB+)"
"Callum","Ryan","3 Orange Avenue,Joesville","0519 0563 0165","Grey","B RhD positive (B+)"
"Sara","Murillo","98 Any Crescent,Jonesville","0404 0398 0471","Grey","O RhD positive (O+)"
"Fiona","Parks","367 Long Road,Joesville","0443 0100 0326","Blue","AB RhD positive (AB+)"
"Aimee","Kidd","473 Any Road,New Town","0557 0712 0567","Brown","A RhD positive (A+)"
"Shona","Alexander","925 Streets,Joesville","0417 0550 0964","Blue","B RhD positive (B+)"
"Luke","Fry","407 Tower Hamlet,New Town","0212 0323 0933","Grey","O RhD positive (O+)"
"Marc","Watkins","587 Long Road,Any Town","0357 0355 0520","Blue","O RhD negative (O-)"
"Louise","Guzman","451 Any Road,Green Acres","0594 0222 0366","Hazel","B RhD positive (B+)"
"Sophie","Patterson","13 Any Avenue,HopeTown","0223 0134 0984","Blue","O RhD positive (O+)"
"Raymond","Powell","1005 Any Square,Green Acres","0473 0657 0295","Green","A RhD positive (A+)"
"Jessica","Yoder","534 Main Street,HopeTown","0272 0566 0627","Brown","A RhD negative (A-)"
"Megan","Gamble","233 Any Crescent,Big City","0392 0724 0515","Hazel","B RhD negative (B-)"
"Robert","Cooper","396 Freen Road,Joesville","0283 0209 0140","Brown","A RhD negative (A-)"
"Kathleen","Logan","524 Freen Road,Jonesville","0399 0344 0632","Blue","B RhD positive (B+)"
"Charles","Thompson","45 Short Road,New Town","0556 0159 0480","Hazel","O RhD negative (O-)"
"Lee","Pierce","1102 Any Crescent,New Town","0586 0708 0073","Blue","O RhD positive (O+)"
"Pauline","Rojas","317 Blue Street,Jonesville","0445 0699 0553","Grey","B RhD positive (B+)"
"Emily","Stanley","862 Freen Road,Meaddowsville","0388 0628 0214","Green","AB RhD positive (AB+)"
"Louise","Gray","1010 Any Road,HopeTown","0595 0485 0969","Blue","A RhD negative (A-)"
"Lynsey","Williamson","1000 Blue Street,Any Town","0209 0788 0839","Grey","A RhD positive (A+)"
"Ryan","Gould","468 Any Square,Meaddowsville","0316 0145 0507","Blue","B RhD positive (B+)"
"Katie","Hickman","256 Tower Hamlet,Joesville","0260 0692 0533","Green","A RhD negative (A-)"
"Shona","Houston","1174 Any Crescent,Big City","0523 0703 0061","Blue","B RhD positive (B+)"
"Bethany","Brooks","162 Any Road,Big City","0312 0593 0752","Brown","O RhD negative (O-)"
"Jonathan","Shepard","118 Short Road,Cities","0211 0526 0314","Hazel","AB RhD positive (AB+)"
"Iona","Jensen","974 Tower Hamlet,New Town","0599 0706 0841","Hazel","O RhD positive (O+)"
"Joshua","Bush","962 Streets,Green Acres","0564 0543 0620","Hazel","AB RhD positive (AB+)"
"Caleb","Love","246 Green Avenve,HopeTown","0484 0295 0161","Hazel","A RhD negative (A-)"
"Francis","Copeland","609 Orange Avenue,Any Town","0523 0729 0952","Hazel","O RhD positive (O+)"
"Kathryn","Potter","413 Any Road,Midtown","0510 0698 0348","Hazel","A RhD negative (A-)"
"Alex","Thornton","210 Main Street,Meaddowsville","0467 0221 0278","Brown","A RhD negative (A-)"
"Mary","Ewing","97 Any Road,Meaddowsville","0338 0564 0617","Grey","O RhD negative (O-)"
"Mohammed","Blankenship","349 Freen Road,Cities","0214 0597 0280","Brown","A RhD positive (A+)"
"Ava","Mckenzie","465 Any Avenue,Meaddowsville","0262 0244 0557","Hazel","O RhD negative (O-)"
"William","Wilson","13 Any Square,HopeTown","0431 0285 0371","Blue","A RhD negative (A-)"
"Demi","Lambert","437 Green Avenve,Jonesville","0280 0294 0625","Brown","B RhD positive (B+)"
"Brian","Riddle","178 Freen Road,New Town","0348 0576 0443","Green","O RhD positive (O+)"
"Jude","Stephens","776 Freen Road,New Town","0434 0379 0316","Grey","A RhD negative (A-)"
"Cooper","Sandoval","387 Streets,Midtown","0360 0131 0956","Green","B RhD negative (B-)"
"Mya","Barron","993 Tower Hamlet,Midtown","0392 0889 0870","Brown","A RhD negative (A-)"
"Patrick","Rose","1093 Blue Street,Jonesville","0217 0708 0163","Hazel","A RhD negative (A-)"
"Lily","Mooney","744 Argyll Gardens,Meaddowsville","0203 0639 0254","Grey","B RhD negative (B-)"
"Jasmine","Oconnell","583 Blue Street,Green Acres","0518 0352 0060","Green","B RhD positive (B+)"
"Emily","Long","306 Main Street,Big City","0493 0615 0518","Green","AB RhD positive (AB+)"
"Liam","Holder","166 Argyll Gardens,New Town","0413 0638 0049","Brown","B RhD positive (B+)"
"Sean","Porter","800 Argyll Gardens,Big City","0357 0692 0232","Green","O RhD positive (O+)"
"Holly","Cervantes","1190 Tower Hamlet,New Town","0538 0491 0786","Green","B RhD positive (B+)"
"David","Frank","774 Freen Road,Joesville","0274 0596 0150","Grey","O RhD positive (O+)"
"Jennifer","Macias","635 Any Crescent,Any Town","0578 0164 0499","Blue","B RhD negative (B-)"
"Lee","Rowe","976 Argyll Gardens,Meaddowsville","0219 0515 0784","Blue","A RhD negative (A-)"
"Jordan","Mccoy","487 Tower Hamlet,Big City","0465 0864 0647","Grey","B RhD positive (B+)"
"Alastair","Richardson","1148 Blue Street,Green Acres","0452 0540 0896","Blue","O RhD negative (O-)"
"Max","Acosta","592 Any Square,Midtown","0218 0882 0214","Brown","A RhD positive (A+)"
"Rory","Mcclure","27 Short Road,Cities","0318 0880 0208","Green","A RhD negative (A-)"
"Thomas","Shaw","1158 Blue Street,Midtown","0381 0724 0287","Blue","AB RhD positive (AB+)"
"Joseph","Perkins","1013 Any Road,New Town","0303 0149 0848","Grey","A RhD positive (A+)"
"Elizabeth","Montgomery","945 Any Crescent,HopeTown","0596 0122 0558","Grey","A RhD negative (A-)"
"Kyle","Lawrence","230 Any Square,Big City","0545 0677 0159","Blue","A RhD positive (A+)"
"Emma","Eaton","292 Short Road,Meaddowsville","0376 0148 0444","Brown","AB RhD positive (AB+)"
"Calum","Estrada","414 Short Road,Cities","0203 0827 0477","Hazel","B RhD negative (B-)"
"Donald","Duran","1077 Any Crescent,Midtown","0248 0399 0308","Grey","O RhD positive (O+)"
"Alistair","Franklin","600 Short Road,New Town","0452 0783 0156","Brown","B RhD negative (B-)"
"Robbie","Strickland","161 Any Road,Joesville","0527 0218 0690","Blue","AB RhD positive (AB+)"
"Lexie","Galvan","943 Main Street,Meaddowsville","0281 0828 0001","Grey","A RhD positive (A+)"
"Gareth","Petty","717 Any Avenue,Big City","0557 0313 0024","Green","A RhD negative (A-)"
"Stewart","Small","296 Any Avenue,New Town","0303 0673 0246","Hazel","B RhD positive (B+)"
"Graeme","Hansen","12 Tower Hamlet,Any Town","0483 0361 0981","Brown","O RhD negative (O-)"
"Aimee","Terrell","435 Short Road,Any Town","0421 0247 0131","Green","B RhD positive (B+)"
"Alan","Rivera","496 Freen Road,Joesville","0309 0596 0400","Brown","A RhD negative (A-)"
"Taylor","Hartman","262 Any Crescent,Any Town","0204 0386 0190","Green","A RhD negative (A-)"
"Caroline","Robertson","116 Any Avenue,Jonesville","0403 0448 0719","Grey","O RhD negative (O-)"
"Gerard","Reilly","240 Main Street,Green Acres","0550 0462 0497","Brown","A RhD negative (A-)"
"Paul","Miles","925 Orange Avenue,HopeTown","0508 0688 0055","Green","O RhD positive (O+)"
"David","Moore","594 Any Crescent,Meaddowsville","0504 0742 0527","Green","A RhD positive (A+)"
"Craig","Rowe","732 Any Square,Midtown","0353 0542 0516","Green","B RhD positive (B+)"
"Harrison","Moran","1106 Short Road,Midtown","0372 0320 0544","Brown","O RhD positive (O+)"
"Aidan","Bradford","1169 Tower Hamlet,Any Town","0591 0852 0129","Blue","A RhD negative (A-)"
"Aidan","Larson","701 Any Square,Jonesville","0364 0231 0037","Hazel","AB RhD positive (AB+)"
"Dylan","Lester","818 Any Avenue,Cities","0202 0425 0540","Grey","B RhD positive (B+)"
"Deborah","Swanson","74 Argyll Gardens,Cities","0268 0126 0854","Brown","B RhD negative (B-)"
"Dean","Moran","353 Long Road,Any Town","0427 0421 0396","Brown","AB RhD positive (AB+)"
"Mhairi","Dalton","1085 Any Road,Midtown","0235 0404 0901","Green","O RhD negative (O-)"
"Lucy","Robbins","1149 Any Avenue,Cities","0401 0209 0339","Brown","O RhD positive (O+)"
"Elise","Bradley","867 Any Road,Meaddowsville","0300 0702 0715","Blue","AB RhD positive (AB+)"
"Neil","Raymond","604 Argyll Gardens,Cities","0600 0278 0609","Blue","O RhD positive (O+)"
"Peter","Ford","627 Main Street,Midtown","0439 0617 0769","Blue","A RhD negative (A-)"
"Alastair","Sparks","22 Any Crescent,Big City","0238 0511 0414","Brown","B RhD positive (B+)"
"Millie","Burgess","222 Freen Road,Big City","0517 0545 0136","Brown","B RhD positive (B+)"
"Matthew","Morrison","401 Green Avenve,Jonesville","0539 0591 0262","Green","O RhD negative (O-)"
"Beth","Juarez","102 Orange Avenue,Green Acres","0431 0868 0788","Blue","A RhD negative (A-)"
"Ciaran","Bruce","474 Any Crescent,Green Acres","0534 0642 0747","Brown","B RhD positive (B+)"
"Jill","Riggs","99 Any Crescent,Any Town","0280 0617 0193","Hazel","O RhD positive (O+)"
"Conor","Sanders","414 Any Road,Big City","0493 0687 0203","Brown","B RhD positive (B+)"
"Dylan","Riggs","1147 Any Avenue,Midtown","0556 0397 0580","Hazel","A RhD negative (A-)"
"Christopher","Trujillo","107 Orange Avenue,Any Town","0317 0406 0121","Blue","O RhD negative (O-)"
"Grace","Villarreal","565 Green Avenve,HopeTown","0310 0229 0950","Green","O RhD positive (O+)"
"Natalie","Bowen","713 Any Avenue,Joesville","0402 0454 0764","Hazel","B RhD negative (B-)"
"Alisha","Hebert","100 Any Road,Any Town","0236 0484 0652","Brown","AB RhD positive (AB+)"
"Adam","Reynolds","935 Orange Avenue,Jonesville","0391 0112 0500","Grey","O RhD positive (O+)"
"Charlie","Harrington","404 Main Street,Joesville","0329 0669 0029","Hazel","AB RhD positive (AB+)"
"Dylan","Durham","586 Green Avenve,Midtown","0355 0402 0761","Brown","A RhD positive (A+)"
"Madison","Kelly","892 Any Crescent,Cities","0429 0527 0222","Blue","A RhD positive (A+)"
"Jamie","Boyer","1047 Any Road,Meaddowsville","0311 0603 0754","Hazel","B RhD positive (B+)"
"Ben","Lambert","1150 Streets,Meaddowsville","0370 0249 0818","Hazel","O RhD negative (O-)"
"Rebecca","Atkins","153 Green Avenve,Joesville","0507 0210 0317","Blue","O RhD positive (O+)"
"Malcolm","Bray","440 Any Square,Green Acres","0581 0397 0747","Brown","B RhD negative (B-)"
"Logan","Montes","727 Tower Hamlet,HopeTown","0257 0540 0510","Blue","A RhD positive (A+)"
"Ewan","Sexton","855 Freen Road,Joesville","0249 0476 0314","Blue","A RhD positive (A+)"
"Anna","Scott","617 Blue Street,Meaddowsville","0404 0279 0485","Brown","AB RhD positive (AB+)"
"Duncan","Avery","141 Blue Street,Meaddowsville","0495 0787 0012","Hazel","AB RhD positive (AB+)"
"Jodie","Chen","133 Main Street,Midtown","0472 0863 0977","Green","B RhD positive (B+)"
"Heather","Hammond","550 Orange Avenue,New Town","0599 0670 0935","Brown","A RhD positive (A+)"
"Liam","Weaver","202 Any Avenue,New Town","0455 0725 0069","Grey","B RhD positive (B+)"
"Hamish","Walton","1063 Long Road,Jonesville","0349 0752 0524","Green","AB RhD positive (AB+)"
"Joanne","Montoya","535 Streets,Any Town","0433 0610 0824","Grey","A RhD positive (A+)"
"Helen","Cross","958 Any Avenue,Green Acres","0250 0605 0729","Blue","AB RhD positive (AB+)"
"Martin","Arias","772 Any Square,Meaddowsville","0300 0666 0309","Green","O RhD positive (O+)"
"Paige","Becker","385 Any Road,Cities","0263 0777 0899","Hazel","O RhD negative (O-)"
"Luke","Weeks","350 Freen Road,New Town","0216 0145 0528","Hazel","B RhD negative (B-)"
"Alasdair","Guzman","158 Any Avenue,Midtown","0272 0136 0874","Brown","A RhD positive (A+)"
"Stephanie","Suarez","411 Short Road,Joesville","0355 0290 0783","Green","O RhD positive (O+)"
"Declan","Arias","834 Any Road,Green Acres","0421 0398 0212","Hazel","B RhD positive (B+)"
"Tracy","Vazquez","548 Orange Avenue,Joesville","0476 0580 0278","Blue","AB RhD positive (AB+)"
"Lynne","Douglas","298 Any Crescent,Big City","0382 0148 0107","Blue","O RhD negative (O-)"
"Audrey","Sellers","813 Argyll Gardens,New Town","0316 0239 0373","Hazel","O RhD positive (O+)"
"Yvonne","Conrad","95 Any Crescent,Any Town","0563 0279 0916","Brown","B RhD negative (B-)"
"Harrison","Raymond","264 Freen Road,Meaddowsville","0525 0555 0446","Green","AB RhD positive (AB+)"
"Stephen","Dixon","801 Any Crescent,Cities","0493 0456 0537","Brown","AB RhD positive (AB+)"
"Matthew","Fernandez","548 Blue Street,Midtown","0418 0633 0789","Grey","B RhD negative (B-)"
"Aiden","Daniels","1164 Argyll Gardens,New Town","0260 0800 0859","Green","A RhD positive (A+)"
"Sophie","Henry","629 Any Avenue,Green Acres","0454 0281 0074","Green","A RhD positive (A+)"
"Mark","Walls","185 Streets,Jonesville","0448 0667 0081","Grey","A RhD positive (A+)"
"Jason","Dudley","628 Main Street,Green Acres","0239 0608 0527","Brown","A RhD negative (A-)"
"Andrew","Haney","1065 Orange Avenue,Meaddowsville","0460 0417 0682","Blue","A RhD positive (A+)"
"Jenna","Lowery","664 Blue Street,Meaddowsville","0584 0327 0271","Green","B RhD positive (B+)"
"Archie","Garrett","659 Long Road,Jonesville","0390 0249 0101","Green","O RhD negative (O-)"
"Jenna","Bryan","75 Any Road,Joesville","0221 0353 0479","Grey","A RhD positive (A+)"
"Nathan","English","1165 Green Avenve,Any Town","0504 0801 0410","Grey","O RhD positive (O+)"
"Christopher","Blankenship","306 Green Avenve,HopeTown","0329 0674 0269","Green","B RhD negative (B-)"
"Duncan","Richard","675 Any Road,Joesville","0512 0794 0543","Hazel","B RhD positive (B+)"
"Lindsay","Hancock","635 Argyll Gardens,Any Town","0440 0890 0522","Hazel","O RhD negative (O-)"
"Aimee","Rasmussen","224 Argyll Gardens,New Town","0292 0809 0032","Grey","A RhD positive (A+)"
"Edward","Kerr","456 Tower Hamlet,Green Acres","0221 0127 0126","Blue","B RhD positive (B+)"
"Kirsty","Lutz","1081 Freen Road,Midtown","0214 0884 0662","Grey","B RhD negative (B-)"
"Sean","Norman","987 Main Street,Green Acres","0246 0766 0129","Green","AB RhD positive (AB+)"
"Christine","Peterson","801 Any Avenue,New Town","0377 0875 0439","Green","A RhD positive (A+)"
"Reece","Parker","102 Any Square,Jonesville","0343 0668 0596","Hazel","O RhD positive (O+)"
"Marie","Nichols","715 Streets,Green Acres","0561 0864 0101","Grey","A RhD negative (A-)"
"Edward","Finley","295 Green Avenve,Big City","0326 0669 0023","Blue","O RhD negative (O-)"
"Rachel","Daniel","1069 Green Avenve,Any Town","0337 0844 0053","Green","B RhD positive (B+)"
"Amber","Cain","617 Main Street,Joesville","0592 0387 0081","Blue","B RhD negative (B-)"
"Samantha","Montgomery","575 Any Avenue,Meaddowsville","0287 0494 0270","Blue","B RhD negative (B-)"
"Barbara","Obrien","221 Green Avenve,Cities","0545 0745 0320","Green","O RhD positive (O+)"
"Alana","Young","1198 Tower Hamlet,New Town","0595 0555 0476","Hazel","O RhD negative (O-)"
"Beth","Nash","31 Argyll Gardens,Midtown","0204 0651 0491","Grey","A RhD negative (A-)"
"Jamie","Fritz","460 Long Road,New Town","0259 0442 0397","Hazel","B RhD negative (B-)"
"Emma","Tate","446 Main Street,Midtown","0449 0102 0262","Green","B RhD positive (B+)"
"Jonathan","Coleman","404 Freen Road,Any Town","0535 0638 0327","Brown","B RhD positive (B+)"
"Cerys","Singh","56 Main Street,Cities","0431 0392 0245","Blue","A RhD negative (A-)"
"Leah","Cortez","1096 Green Avenve,Midtown","0480 0331 0607","Hazel","O RhD negative (O-)"
"Ryan","Mathis","193 Any Avenue,Midtown","0552 0210 0930","Grey","O RhD positive (O+)"
"Daisy","Petty","525 Orange Avenue,Big City","0495 0306 0867","Brown","O RhD positive (O+)"
"Daniel","Walls","385 Freen Road,HopeTown","0431 0118 0111","Brown","AB RhD positive (AB+)"
"Kirsty","Huerta","991 Green Avenve,HopeTown","0272 0608 0111","Grey","A RhD negative (A-)"
"Rebecca","Esparza","1112 Argyll Gardens,Big City","0498 0599 0684","Grey","A RhD positive (A+)"
"Jenna","Gay","474 Short Road,Midtown","0262 0411 0753","Brown","A RhD negative (A-)"
"Amy","Keller","1165 Blue Street,HopeTown","0299 0225 0871","Hazel","A RhD positive (A+)"
"Daisy","Gross","571 Argyll Gardens,Big City","0488 0250 0723","Brown","B RhD negative (B-)"
"Alistair","Peck","808 Any Avenue,Midtown","0275 0209 0042","Blue","A RhD negative (A-)"
"Orla","Burnett","821 Any Road,Green Acres","0380 0805 0674","Green","AB RhD positive (AB+)"
"Greg","Carlson","565 Short Road,Meaddowsville","0435 0437 0911","Hazel","O RhD positive (O+)"
"Elizabeth","Woods","1154 Main Street,Cities","0298 0366 0698","Grey","A RhD positive (A+)"
"Charlie","Heath","64 Main Street,Midtown","0229 0415 0364","Green","A RhD negative (A-)"
"James","Liu","1028 Streets,Big City","0395 0387 0002","Grey","A RhD negative (A-)"
"Kathleen","Velasquez","528 Freen Road,Joesville","0581 0506 0075","Blue","AB RhD positive (AB+)"
"Sam","Osborne","967 Short Road,Midtown","0233 0518 0331","Blue","B RhD negative (B-)"
"Katherine","Maynard","111 Freen Road,Cities","0230 0826 0272","Green","A RhD positive (A+)"
"Sharon","Beck","930 Orange Avenue,Any Town","0391 0453 0228","Blue","AB RhD positive (AB+)"
"David","Snyder","559 Green Avenve,HopeTown","0559 0178 0587","Blue","O RhD negative (O-)"
"Joseph","Gomez","815 Any Square,Any Town","0535 0763 0049","Green","B RhD negative (B-)"
"Ewan","Salinas","616 Long Road,Jonesville","0341 0563 0212","Blue","B RhD negative (B-)"
"Erin","Todd","328 Argyll Gardens,Any Town","0353 0252 0197","Green","A RhD negative (A-)"
"Lee","Krueger","967 Any Square,Green Acres","0551 0843 0677","Grey","A RhD negative (A-)"
"Natalie","Wiggins","890 Any Avenue,Joesville","0244 0749 0108","Green","O RhD negative (O-)"
"Kyle","Robertson","291 Short Road,Jonesville","0356 0900 0590","Grey","A RhD positive (A+)"
"Kevin","Sellers","1068 Any Avenue,Cities","0273 0547 0967","Grey","AB RhD positive (AB+)"
"Eilidh","Murillo","229 Orange Avenue,Big City","0357 0306 0513","Blue","B RhD negative (B-)"
"Owen","Henson","518 Any Road,Green Acres","0261 0803 0673","Green","A RhD negative (A-)"
"Amy","Allen","1080 Streets,Green Acres","0504 0615 0627","Green","AB RhD positive (AB+)"
"Alan","Ruiz","822 Any Road,Joesville","0290 0767 0430","Blue","B RhD positive (B+)"
"Grant","Branch","1053 Any Avenue,Meaddowsville","0211 0411 0735","Blue","B RhD positive (B+)"
"Emma","Brandt","553 Main Street,Big City","0288 0803 0220","Green","O RhD positive (O+)"
"Lisa","Jordan","729 Freen Road,Any Town","0541 0743 0808","Brown","O RhD positive (O+)"
"Keith","Mendez","1008 Green Avenve,Big City","0219 0802 0968","Grey","A RhD negative (A-)"
"Stephanie","Costa","136 Blue Street,New Town","0551 0534 0765","Grey","O RhD positive (O+)"
"Christopher","Campos","679 Orange Avenue,Cities","0236 0156 0444","Hazel","O RhD positive (O+)"
"Brooke","Donovan","1095 Green Avenve,Meaddowsville","0393 0750 0451","Brown","A RhD positive (A+)"
"Richard","Ochoa","25 Green Avenve,Joesville","0496 0830 0032","Green","AB RhD positive (AB+)"
"Adele","Stanton","897 Any Road,Big City","0590 0613 0231","Brown","AB RhD positive (AB+)"
"Adam","Krueger","119 Blue Street,Jonesville","0491 0232 0881","Brown","O RhD negative (O-)"
"Eilidh","Cortez","1155 Main Street,Big City","0299 0829 0446","Blue","A RhD positive (A+)"
"James","Blevins","224 Short Road,Meaddowsville","0596 0798 0844","Blue","O RhD negative (O-)"
"Ryan","Mendez","989 Streets,Big City","0289 0723 0642","Blue","O RhD negative (O-)"
"Catherine","Combs","407 Argyll Gardens,Joesville","0352 0155 0837","Green","B RhD negative (B-)"
"Emma","Gregory","538 Argyll Gardens,New Town","0534 0326 0863","Grey","O RhD positive (O+)"
"Pamela","Hunter","802 Main Street,Green Acres","0395 0403 0486","Blue","A RhD negative (A-)"
"Thomas","Owen","502 Long Road,Any Town","0424 0137 0030","Grey","B RhD negative (B-)"
"Wendy","Stone","841 Main Street,Midtown","0249 0228 0828","Hazel","B RhD negative (B-)"
"Wendy","Hines","727 Orange Avenue,Any Town","0436 0410 0615","Blue","AB RhD positive (AB+)"
"Nicholas","Maxwell","350 Freen Road,HopeTown","0515 0437 0342","Hazel","O RhD negative (O-)"
"Kathleen","Miller","395 Freen Road,Green Acres","0393 0846 0629","Blue","AB RhD positive (AB+)"
"Holly","Lloyd","507 Argyll Gardens,New Town","0438 0247 0746","Brown","AB RhD positive (AB+)"
"Sarah","Cooke","94 Streets,Jonesville","0331 0754 0013","Hazel","A RhD positive (A+)"
"Alana","Klein","41 Freen Road,HopeTown","0459 0528 0293","Green","A RhD positive (A+)"
"Dean","Stuart","950 Orange Avenue,Jonesville","0286 0887 0766","Brown","A RhD positive (A+)"
"Luke","Landry","629 Green Avenve,Joesville","0209 0364 0111","Blue","A RhD negative (A-)"
"Marie","Velasquez","905 Argyll Gardens,Jonesville","0250 0895 0148","Grey","A RhD negative (A-)"
"Scott","Melton","253 Blue Street,New Town","0576 0659 0435","Green","A RhD negative (A-)"
"Daniel","Wallace","579 Blue Street,New Town","0361 0364 0926","Grey","A RhD negative (A-)"
"Lindsay","Zhang","688 Streets,Meaddowsville","0369 0120 0918","Grey","B RhD negative (B-)"
"Bruce","Cordova","228 Any Road,Cities","0586 0392 0140","Brown","B RhD positive (B+)"
"Natalie","Weaver","1063 Short Road,Joesville","0402 0528 0926","Hazel","A RhD positive (A+)"
"William","Barron","253 Any Square,Meaddowsville","0253 0622 0175","Grey","B RhD positive (B+)"
"Morgan","Howard","665 Freen Road,Any Town","0554 0769 0945","Grey","A RhD negative (A-)"
"Blair","Mendoza","802 Any Avenue,Big City","0438 0658 0670","Green","O RhD positive (O+)"
"Max","Beard","743 Freen Road,New Town","0409 0423 0038","Brown","B RhD positive (B+)"
"Arthur","Abbott","585 Green Avenve,New Town","0592 0459 0255","Green","O RhD positive (O+)"
"Cooper","Mcclain","522 Short Road,Big City","0296 0567 0779","Hazel","O RhD positive (O+)"
"Nikki","Palmer","422 Tower Hamlet,Green Acres","0220 0330 0167","Brown","B RhD negative (B-)"
"Hayley","Yang","899 Short Road,Joesville","0563 0181 0212","Grey","O RhD positive (O+)"
"Kaitlyn","Hurst","752 Any Crescent,Midtown","0304 0158 0398","Green","B RhD negative (B-)"
"Samantha","Pace","694 Streets,Midtown","0419 0824 0928","Green","B RhD negative (B-)"
"Carol","Pham","387 Any Crescent,HopeTown","0250 0893 0584","Brown","B RhD positive (B+)"
"Lillie","Dawson","581 Long Road,Any Town","0267 0222 0148","Hazel","A RhD negative (A-)"
"Grant","Conner","1119 Freen Road,Meaddowsville","0422 0138 0937","Blue","O RhD negative (O-)"
"Brandon","Garner","1013 Any Crescent,Joesville","0484 0284 0424","Hazel","B RhD negative (B-)"
"Skye","Cain","307 Tower Hamlet,Jonesville","0341 0531 0741","Brown","A RhD negative (A-)"
"Euan","Rivera","9 Any Avenue,Meaddowsville","0350 0537 0887","Brown","O RhD negative (O-)"
"Chelsea","Tucker","937 Argyll Gardens,HopeTown","0550 0416 0123","Green","AB RhD positive (AB+)"
"Duncan","Castaneda","1124 Green Avenve,Meaddowsville","0592 0467 0250","Brown","O RhD negative (O-)"
"Reuben","Levy","180 Freen Road,Joesville","0438 0467 0456","Blue","O RhD positive (O+)"
"Kieran","Sellers","1019 Main Street,HopeTown","0386 0611 0753","Green","O RhD negative (O-)"
"Angus","Gallegos","908 Any Square,Big City","0363 0304 0369","Hazel","A RhD positive (A+)"
"Christopher","Rowe","1026 Main Street,Cities","0236 0863 0599","Hazel","A RhD negative (A-)"
"Olivia","Young","111 Streets,Meaddowsville","0341 0287 0229","Blue","A RhD negative (A-)"
"Taylor","Harrison","1163 Any Road,Jonesville","0542 0175 0101","Green","B RhD negative (B-)"
"Raymond","Ortega","983 Main Street,Meaddowsville","0380 0279 0601","Green","B RhD positive (B+)"
"Linda","Crosby","305 Any Road,Meaddowsville","0255 0730 0591","Green","O RhD negative (O-)"
"Brian","Whitaker","1027 Freen Road,HopeTown","0231 0171 0978","Hazel","O RhD negative (O-)"
"Martin","Nixon","536 Tower Hamlet,Midtown","0317 0100 0185","Hazel","AB RhD positive (AB+)"
"Calum","Burton","27 Streets,Cities","0243 0617 0714","Hazel","B RhD negative (B-)"
"Eva","Bentley","729 Any Avenue,Green Acres","0569 0619 0659","Grey","B RhD negative (B-)"
"Kirsty","Crosby","1098 Any Avenue,New Town","0377 0680 0383","Brown","AB RhD positive (AB+)"
"Ethan","Graham","570 Any Avenue,HopeTown","0535 0495 0098","Green","AB RhD positive (AB+)"
"Harrison","Reynolds","53 Any Avenue,Any Town","0349 0446 0379","Grey","AB RhD positive (AB+)"
"Emma","Conrad","1084 Any Avenue,Big City","0375 0291 0317","Hazel","B RhD negative (B-)"
"Orla","Snow","1170 Argyll Gardens,Meaddowsville","0274 0525 0549","Green","B RhD negative (B-)"
"Jason","Perkins","1055 Main Street,Midtown","0355 0409 0828","Hazel","B RhD negative (B-)"
"Max","Peters","875 Blue Street,Any Town","0240 0718 0110","Grey","B RhD negative (B-)"
"Robert","Livingston","1019 Blue Street,Any Town","0426 0779 0765","Green","O RhD positive (O+)"
"Gillian","Johnston","685 Any Road,Joesville","0317 0209 0022","Green","A RhD negative (A-)"
"Derek","Ramirez","751 Main Street,Jonesville","0451 0769 0916","Hazel","A RhD negative (A-)"
"Adam","Carroll","473 Green Avenve,Meaddowsville","0247 0721 0809","Brown","A RhD positive (A+)"
"Aimee","Bennett","887 Orange Avenue,HopeTown","0451 0266 0440","Grey","A RhD positive (A+)"
"Calvin","Johns","530 Main Street,Cities","0312 0209 0415","Green","A RhD positive (A+)"
"Ewan","Ortiz","111 Short Road,Joesville","0441 0124 0910","Brown","B RhD negative (B-)"
"Madison","Barrera","670 Any Square,Cities","0422 0812 0826","Hazel","B RhD positive (B+)"
"Rosie","Soto","773 Short Road,New Town","0204 0662 0185","Grey","A RhD positive (A+)"
"Kayleigh","Esparza","662 Tower Hamlet,Green Acres","0424 0751 0515","Hazel","O RhD positive (O+)"
"Adam","Briggs","50 Any Avenue,Joesville","0419 0796 0347","Grey","O RhD negative (O-)"
"Lola","Mcmillan","327 Long Road,Any Town","0530 0851 0072","Brown","O RhD positive (O+)"
"Garry","Moody","232 Green Avenve,Any Town","0204 0316 0623","Blue","O RhD positive (O+)"
"Pauline","Juarez","261 Any Avenue,Any Town","0469 0375 0968","Blue","A RhD positive (A+)"
"Abigail","Rosales","467 Argyll Gardens,Any Town","0206 0238 0192","Hazel","O RhD positive (O+)"
"Elle","Wall","647 Argyll Gardens,Midtown","0398 0127 0867","Grey","B RhD positive (B+)"
"Iain","Carroll","503 Blue Street,Any Town","0210 0169 0083","Brown","B RhD positive (B+)"
"Lillie","Hopkins","340 Main Street,Any Town","0577 0740 0952","Grey","A RhD positive (A+)"
"Hollie","Graves","616 Main Street,Midtown","0495 0201 0842","Hazel","O RhD negative (O-)"
"Rebekah","Gilmore","1041 Short Road,Meaddowsville","0498 0110 0545","Brown","A RhD positive (A+)"
"Erin","Steele","565 Freen Road,Big City","0309 0807 0216","Grey","AB RhD positive (AB+)"
"David","Castro","707 Green Avenve,Any Town","0229 0380 0287","Hazel","O RhD negative (O-)"
"Kirsten","Rollins","896 Streets,New Town","0588 0847 0031","Green","O RhD positive (O+)"
"Alison","Jefferson","170 Any Avenue,Joesville","0480 0224 0996","Brown","A RhD negative (A-)"
"Marc","Rowe","45 Any Road,Midtown","0270 0617 0908","Brown","O RhD negative (O-)"
"Louise","Chambers","75 Any Crescent,Meaddowsville","0555 0387 0402","Hazel","O RhD negative (O-)"
"Robyn","Sweeney","276 Streets,Joesville","0318 0829 0672","Grey","AB RhD positive (AB+)"
"Abby","Cobb","1 Blue Street,Green Acres","0264 0209 0075","Grey","A RhD positive (A+)"
"Ross","Wall","106 Long Road,Green Acres","0259 0746 0078","Brown","B RhD positive (B+)"
"Orla","Coleman","505 Any Road,Meaddowsville","0251 0561 0177","Green","AB RhD positive (AB+)"
"Michelle","Montgomery","268 Orange Avenue,Midtown","0290 0836 0529","Brown","A RhD negative (A-)"
"Julia","Lowe","509 Streets,Midtown","0555 0210 0327","Hazel","O RhD negative (O-)"
"Josh","Maynard","1092 Any Road,New Town","0582 0258 0711","Grey","B RhD positive (B+)"
"Angus","Petty","792 Freen Road,Green Acres","0367 0610 0803","Hazel","B RhD positive (B+)"
"Daniel","Berry","208 Main Street,Any Town","0521 0279 0645","Grey","A RhD positive (A+)"
"Jessica","Clarke","1176 Main Street,New Town","0534 0194 0339","Grey","A RhD negative (A-)"
"Sandra","Fritz","178 Any Square,Any Town","0414 0303 0497","Brown","O RhD positive (O+)"
"Catriona","Newman","748 Any Square,Green Acres","0372 0651 0841","Hazel","A RhD negative (A-)"
"Christina","Davies","185 Argyll Gardens,New Town","0582 0237 0385","Brown","A RhD positive (A+)"
"Millie","Barajas","959 Any Road,New Town","0414 0440 0523","Hazel","AB RhD positive (AB+)"
"Abbie","Morton","478 Any Crescent,Joesville","0414 0520 0962","Hazel","O RhD positive (O+)"
"Lewis","Rosario","24 Argyll Gardens,HopeTown","0416 0479 0807","Green","B RhD positive (B+)"
"Caroline","Hughes","814 Any Avenue,HopeTown","0210 0337 0267","Blue","A RhD positive (A+)"
"Theo","Mason","598 Any Avenue,Joesville","0515 0727 0657","Green","AB RhD positive (AB+)"
"Robyn","Blake","172 Main Street,Joesville","0399 0346 0811","Hazel","A RhD positive (A+)"
"Zoe","Farley","958 Long Road,Joesville","0330 0393 0620","Hazel","A RhD positive (A+)"
"Calum","Moyer","1079 Argyll Gardens,Midtown","0236 0280 0924","Blue","AB RhD positive (AB+)"
"Alastair","Fisher","277 Green Avenve,Meaddowsville","0271 0292 0311","Blue","O RhD negative (O-)"
"Isla","Wilson","161 Any Crescent,Green Acres","0294 0438 0551","Grey","B RhD positive (B+)"
"Declan","Valentine","1056 Green Avenve,Cities","0533 0810 0653","Grey","O RhD positive (O+)"
"Samuel","Mejia","991 Short Road,Any Town","0209 0143 0013","Green","A RhD negative (A-)"
"Cameron","Strickland","374 Argyll Gardens,Meaddowsville","0304 0711 0545","Hazel","AB RhD positive (AB+)"
"Catriona","Simmons","1064 Blue Street,Jonesville","0581 0372 0532","Green","AB RhD positive (AB+)"
"Leo","Johns","682 Freen Road,Big City","0474 0398 0486","Green","AB RhD positive (AB+)"
"Paige","Thornton","830 Any Crescent,Green Acres","0419 0582 0120","Grey","B RhD positive (B+)"
"Molly","Woods","622 Argyll Gardens,Midtown","0583 0728 0183","Grey","B RhD positive (B+)"
"Laura","Luna","28 Short Road,Meaddowsville","0540 0235 0767","Blue","B RhD negative (B-)"
"Chloe","Weeks","533 Green Avenve,Cities","0405 0643 0447","Grey","A RhD negative (A-)"
"David","Castillo","812 Any Road,Meaddowsville","0443 0716 0423","Blue","B RhD negative (B-)"
"Ryan","Malone","630 Freen Road,Big City","0285 0336 0859","Grey","O RhD positive (O+)"
"Euan","Russell","289 Any Square,HopeTown","0277 0802 0243","Hazel","A RhD positive (A+)"
"Mitchell","Young","17 Orange Avenue,Any Town","0344 0658 0065","Hazel","O RhD negative (O-)"
"Ian","Brandt","1072 Any Road,Joesville","0555 0848 0454","Hazel","AB RhD positive (AB+)"
"Lisa","Bennett","340 Argyll Gardens,Jonesville","0376 0436 0226","Hazel","A RhD negative (A-)"
"Alfie","Lowe","446 Long Road,Any Town","0463 0826 0016","Hazel","O RhD negative (O-)"
"Erin","Tapia","1028 Main Street,Meaddowsville","0292 0138 0507","Brown","B RhD positive (B+)"
"Lexi","Ewing","519 Any Square,Cities","0522 0502 0413","Green","A RhD negative (A-)"
"Josh","Frazier","939 Any Avenue,New Town","0351 0521 0811","Grey","AB RhD positive (AB+)"
"Suzanne","Bauer","136 Freen Road,Cities","0444 0159 0548","Blue","O RhD positive (O+)"
"Niall","Hampton","641 Any Crescent,Any Town","0534 0405 0463","Brown","A RhD negative (A-)"
"Olivia","Lambert","473 Any Square,Green Acres","0437 0419 0264","Hazel","B RhD positive (B+)"
"Mark","Mccoy","951 Any Crescent,Meaddowsville","0368 0892 0759","Green","O RhD negative (O-)"
"Rory","Sheppard","476 Orange Avenue,Joesville","0588 0390 0529","Grey","AB RhD positive (AB+)"
